_id,FSA,BEV,PHEV,TotalEV
1,K0A,388.0,257.0,645
2,K0B,49.0,46.0,95
3,K0C,91.0,76.0,167
4,K0E,75.0,53.0,128
5,K0G,126.0,71.0,197
6,K0H,109.0,83.0,192
7,K0J,46.0,50.0,96
8,K0K,244.0,165.0,409
9,K0L,113.0,91.0,204
10,K0M,66.0,45.0,111
11,K1A,20.0,50.0,70
12,K1B,41.0,44.0,85
13,K1C,123.0,96.0,219
14,K1E,34.0,25.0,59
15,K1G,82.0,84.0,166
16,K1H,74.0,61.0,135
17,K1J,81.0,75.0,156
18,K1K,90.0,78.0,168
19,K1L,27.0,39.0,66
20,K1M,55.0,48.0,103
21,K1N,61.0,55.0,116
22,K1P,17.0,11.0,28
23,K1R,54.0,33.0,87
24,K1S,173.0,144.0,317
25,K1T,119.0,68.0,187
26,K1V,163.0,136.0,299
27,K1W,70.0,33.0,103
28,K1X,25.0,6.0,31
29,K1Y,132.0,71.0,203
30,K1Z,78.0,53.0,131
31,K2A,121.0,61.0,182
32,K2B,66.0,51.0,117
33,K2C,92.0,57.0,149
34,K2E,64.0,55.0,119
35,K2G,167.0,104.0,271
36,K2H,90.0,68.0,158
37,K2J,273.0,176.0,449
38,K2K,148.0,87.0,235
39,K2L,49.0,42.0,91
40,K2M,124.0,91.0,215
41,K2P,41.0,31.0,72
42,K2R,7.0,6.0,13
43,K2S,196.0,119.0,315
44,K2T,61.0,37.0,98
45,K2V,58.0,27.0,85
46,K2W,70.0,20.0,90
47,K4A,216.0,139.0,355
48,K4B,22.0,21.0,43
49,K4C,35.0,14.0,49
50,K4K,69.0,40.0,109
51,K4M,133.0,45.0,178
52,K4P,74.0,35.0,109
53,K4R,26.0,25.0,51
54,K5M,1.0,,1
55,K6A,26.0,19.0,45
56,K6H,39.0,35.0,74
57,K6J,13.0,17.0,30
58,K6K,3.0,2.0,5
59,K6T,1.0,,1
60,K6V,38.0,34.0,72
61,K7A,21.0,15.0,36
62,K7C,56.0,34.0,90
63,K7G,18.0,11.0,29
64,K7H,53.0,40.0,93
65,K7K,66.0,42.0,108
66,K7L,108.0,83.0,191
67,K7M,111.0,86.0,197
68,K7N,14.0,8.0,22
69,K7P,76.0,44.0,120
70,K7R,25.0,16.0,41
71,K7S,32.0,16.0,48
72,K7V,16.0,12.0,28
73,K8A,18.0,23.0,41
74,K8B,,1.0,1
75,K8H,22.0,28.0,50
76,K8J,1.0,,1
77,K8N,57.0,46.0,103
78,K8P,21.0,26.0,47
79,K8R,8.0,7.0,15
80,K8V,45.0,38.0,83
81,K9A,66.0,59.0,125
82,K9H,57.0,42.0,99
83,K9J,83.0,72.0,155
84,K9K,31.0,20.0,51
85,K9L,18.0,16.0,34
86,K9V,28.0,19.0,47
87,L0A,53.0,26.0,79
88,L0B,53.0,38.0,91
89,L0C,26.0,14.0,40
90,L0E,42.0,30.0,72
91,L0G,193.0,88.0,281
92,L0H,4.0,9.0,13
93,L0J,59.0,13.0,72
94,L0K,91.0,54.0,145
95,L0L,179.0,71.0,250
96,L0M,99.0,39.0,138
97,L0N,11.0,5.0,16
98,L0P,84.0,22.0,106
99,L0R,344.0,220.0,564
100,L0S,235.0,146.0,381
101,L1A,38.0,30.0,68
102,L1B,35.0,21.0,56
103,L1C,146.0,65.0,211
104,L1E,67.0,49.0,116
105,L1G,62.0,49.0,111
106,L1H,88.0,43.0,131
107,L1J,75.0,47.0,122
108,L1K,128.0,53.0,181
109,L1L,60.0,26.0,86
110,L1M,101.0,47.0,148
111,L1N,171.0,103.0,274
112,L1P,111.0,53.0,164
113,L1R,156.0,55.0,211
114,L1S,143.0,85.0,228
115,L1T,188.0,76.0,264
116,L1V,190.0,86.0,276
117,L1W,67.0,35.0,102
118,L1X,116.0,29.0,145
119,L1Y,14.0,9.0,23
120,L1Z,149.0,87.0,236
121,L2A,36.0,26.0,62
122,L2E,26.0,22.0,48
123,L2G,60.0,37.0,97
124,L2H,83.0,38.0,121
125,L2J,30.0,19.0,49
126,L2L,,1.0,1
127,L2M,38.0,32.0,70
128,L2N,74.0,53.0,127
129,L2P,27.0,22.0,49
130,L2R,82.0,118.0,200
131,L2S,55.0,39.0,94
132,L2T,22.0,16.0,38
133,L2V,41.0,21.0,62
134,L2W,8.0,4.0,12
135,L2Y,,1.0,1
136,L3B,44.0,26.0,70
137,L3C,60.0,43.0,103
138,L3J,,5.0,5
139,L3K,30.0,22.0,52
140,L3L,1.0,,1
141,L3M,162.0,123.0,285
142,L3P,233.0,94.0,327
143,L3R,463.0,185.0,648
144,L3S,174.0,61.0,235
145,L3T,286.0,115.0,401
146,L3V,88.0,68.0,156
147,L3X,278.0,108.0,386
148,L3Y,189.0,133.0,322
149,L3Z,187.0,70.0,257
150,L4A,394.0,139.0,533
151,L4B,407.0,142.0,549
152,L4C,422.0,162.0,584
153,L4E,452.0,165.0,617
154,L4G,415.0,197.0,612
155,L4H,464.0,133.0,597
156,L4J,406.0,185.0,591
157,L4K,205.0,73.0,278
158,L4L,251.0,80.0,331
159,L4M,129.0,70.0,199
160,L4N,293.0,129.0,422
161,L4P,97.0,49.0,146
162,L4R,28.0,18.0,46
163,L4S,288.0,136.0,424
164,L4T,57.0,27.0,84
165,L4V,18.0,11.0,29
166,L4W,130.0,102.0,232
167,L4X,40.0,13.0,53
168,L4Y,51.0,36.0,87
169,L4Z,124.0,80.0,204
170,L5A,80.0,32.0,112
171,L5B,199.0,123.0,322
172,L5C,116.0,60.0,176
173,L5E,63.0,24.0,87
174,L5G,148.0,77.0,225
175,L5H,197.0,70.0,267
176,L5J,127.0,70.0,197
177,L5K,58.0,29.0,87
178,L5L,201.0,121.0,322
179,L5M,557.0,222.0,779
180,L5N,308.0,155.0,463
181,L5P,3.0,8.0,11
182,L5R,159.0,61.0,220
183,L5S,22.0,7.0,29
184,L5T,56.0,22.0,78
185,L5V,160.0,62.0,222
186,L5W,149.0,36.0,185
187,L5X,1.0,,1
188,L6A,541.0,141.0,682
189,L6B,270.0,61.0,331
190,L6C,557.0,185.0,742
191,L6E,223.0,79.0,302
192,L6G,48.0,19.0,67
193,L6H,593.0,289.0,882
194,L6J,387.0,156.0,543
195,L6K,111.0,110.0,221
196,L6L,306.0,133.0,439
197,L6M,584.0,260.0,844
198,L6N,1.0,,1
199,L6P,440.0,96.0,536
200,L6R,237.0,84.0,321
201,L6S,111.0,73.0,184
202,L6T,92.0,73.0,165
203,L6V,71.0,49.0,120
204,L6W,61.0,50.0,111
205,L6X,293.0,82.0,375
206,L6Y,405.0,128.0,533
207,L6Z,88.0,51.0,139
208,L7A,293.0,105.0,398
209,L7B,218.0,60.0,278
210,L7C,248.0,92.0,340
211,L7E,175.0,78.0,253
212,L7G,235.0,121.0,356
213,L7H,1.0,,1
214,L7J,62.0,36.0,98
215,L7K,57.0,21.0,78
216,L7L,279.0,173.0,452
217,L7M,340.0,169.0,509
218,L7N,92.0,54.0,146
219,L7P,181.0,98.0,279
220,L7R,98.0,90.0,188
221,L7S,55.0,39.0,94
222,L7T,105.0,64.0,169
223,L8B,130.0,70.0,200
224,L8E,153.0,85.0,238
225,L8G,61.0,32.0,93
226,L8H,34.0,27.0,61
227,L8J,99.0,59.0,158
228,L8K,46.0,50.0,96
229,L8L,41.0,35.0,76
230,L8M,23.0,30.0,53
231,L8N,29.0,25.0,54
232,L8P,72.0,64.0,136
233,L8R,17.0,12.0,29
234,L8S,37.0,32.0,69
235,L8T,24.0,26.0,50
236,L8V,20.0,20.0,40
237,L8W,56.0,40.0,96
238,L9A,54.0,39.0,93
239,L9B,69.0,57.0,126
240,L9C,100.0,86.0,186
241,L9E,128.0,32.0,160
242,L9G,164.0,100.0,264
243,L9H,205.0,143.0,348
244,L9J,16.0,,16
245,L9K,133.0,48.0,181
246,L9L,55.0,24.0,79
247,L9M,32.0,28.0,60
248,L9N,148.0,51.0,199
249,L9P,64.0,48.0,112
250,L9R,71.0,36.0,107
251,L9S,132.0,49.0,181
252,L9T,557.0,213.0,770
253,L9V,49.0,33.0,82
254,L9W,173.0,98.0,271
255,L9X,86.0,28.0,114
256,L9Y,122.0,68.0,190
257,L9Z,57.0,32.0,89
258,M1B,163.0,116.0,279
259,M1C,153.0,76.0,229
260,M1E,87.0,66.0,153
261,M1G,31.0,19.0,50
262,M1H,48.0,34.0,82
263,M1J,39.0,17.0,56
264,M1K,44.0,23.0,67
265,M1L,57.0,24.0,81
266,M1M,72.0,31.0,103
267,M1N,75.0,54.0,129
268,M1P,68.0,31.0,99
269,M1R,42.0,25.0,67
270,M1S,81.0,42.0,123
271,M1T,50.0,25.0,75
272,M1V,90.0,38.0,128
273,M1W,79.0,41.0,120
274,M1X,47.0,17.0,64
275,M2B,1.0,,1
276,M2H,77.0,37.0,114
277,M2J,188.0,90.0,278
278,M2K,106.0,44.0,150
279,M2L,144.0,44.0,188
280,M2M,121.0,44.0,165
281,M2N,364.0,172.0,536
282,M2P,92.0,24.0,116
283,M2R,68.0,47.0,115
284,M3A,218.0,37.0,255
285,M3B,172.0,58.0,230
286,M3C,109.0,34.0,143
287,M3H,141.0,58.0,199
288,M3J,82.0,36.0,118
289,M3K,22.0,8.0,30
290,M3L,24.0,6.0,30
291,M3M,20.0,12.0,32
292,M3N,21.0,11.0,32
293,M3R,,1.0,1
294,M4A,25.0,13.0,38
295,M4B,52.0,27.0,79
296,M4C,88.0,65.0,153
297,M4E,125.0,73.0,198
298,M4G,165.0,75.0,240
299,M4H,12.0,7.0,19
300,M4J,109.0,52.0,161
301,M4K,100.0,61.0,161
302,M4L,112.0,69.0,181
303,M4M,103.0,53.0,156
304,M4N,190.0,75.0,265
305,M4P,88.0,45.0,133
306,M4R,85.0,44.0,129
307,M4S,177.0,37.0,214
308,M4T,83.0,42.0,125
309,M4V,165.0,54.0,219
310,M4W,147.0,54.0,201
311,M4X,28.0,8.0,36
312,M4Y,67.0,26.0,93
313,M5A,171.0,54.0,225
314,M5B,31.0,17.0,48
315,M5C,16.0,7.0,23
316,M5E,64.0,15.0,79
317,M5G,42.0,32.0,74
318,M5H,61.0,20.0,81
319,M5J,74.0,31.0,105
320,M5K,4.0,1.0,5
321,M5L,4.0,,4
322,M5M,237.0,101.0,338
323,M5N,115.0,50.0,165
324,M5P,169.0,63.0,232
325,M5R,165.0,57.0,222
326,M5S,50.0,29.0,79
327,M5T,33.0,21.0,54
328,M5V,277.0,64.0,341
329,M5X,2.0,2.0,4
330,M6A,41.0,20.0,61
331,M6B,79.0,34.0,113
332,M6C,119.0,43.0,162
333,M6E,63.0,28.0,91
334,M6G,94.0,53.0,147
335,M6H,82.0,48.0,130
336,M6J,123.0,40.0,163
337,M6K,113.0,41.0,154
338,M6L,25.0,10.0,35
339,M6M,32.0,27.0,59
340,M6N,50.0,38.0,88
341,M6P,93.0,80.0,173
342,M6R,82.0,62.0,144
343,M6S,181.0,103.0,284
344,M6Y,1.0,,1
345,M7J,1.0,,1
346,M8V,169.0,73.0,242
347,M8W,90.0,38.0,128
348,M8X,112.0,41.0,153
349,M8Y,132.0,48.0,180
350,M8Z,156.0,102.0,258
351,M9A,193.0,102.0,295
352,M9B,167.0,71.0,238
353,M9C,106.0,49.0,155
354,M9L,27.0,18.0,45
355,M9M,31.0,8.0,39
356,M9N,33.0,22.0,55
357,M9P,40.0,14.0,54
358,M9R,48.0,18.0,66
359,M9V,59.0,38.0,97
360,M9W,100.0,39.0,139
361,N0A,63.0,43.0,106
362,N0B,429.0,239.0,668
363,N0C,38.0,18.0,56
364,N0E,55.0,48.0,103
365,N0G,128.0,92.0,220
366,N0H,149.0,108.0,257
367,N0J,60.0,40.0,100
368,N0K,21.0,19.0,40
369,N0L,128.0,96.0,224
370,N0M,112.0,89.0,201
371,N0N,48.0,47.0,95
372,N0P,67.0,56.0,123
373,N0R,106.0,110.0,216
374,N1A,23.0,11.0,34
375,N1C,11.0,17.0,28
376,N1E,138.0,92.0,230
377,N1G,119.0,78.0,197
378,N1H,129.0,91.0,220
379,N1K,31.0,21.0,52
380,N1L,105.0,58.0,163
381,N1M,49.0,34.0,83
382,N1P,20.0,11.0,31
383,N1R,91.0,68.0,159
384,N1S,67.0,35.0,102
385,N1T,82.0,37.0,119
386,N2A,111.0,53.0,164
387,N2B,54.0,26.0,80
388,N2C,33.0,21.0,54
389,N2E,89.0,42.0,131
390,N2G,62.0,25.0,87
391,N2H,95.0,47.0,142
392,N2J,89.0,33.0,122
393,N2K,198.0,90.0,288
394,N2L,159.0,85.0,244
395,N2M,91.0,52.0,143
396,N2N,52.0,54.0,106
397,N2P,136.0,61.0,197
398,N2R,96.0,41.0,137
399,N2S,1.0,,1
400,N2T,116.0,64.0,180
401,N2V,106.0,72.0,178
402,N2Z,39.0,30.0,69
403,N3A,77.0,59.0,136
404,N3B,38.0,15.0,53
405,N3C,109.0,67.0,176
406,N3E,17.0,6.0,23
407,N3G,1.0,,1
408,N3H,68.0,34.0,102
409,N3L,61.0,40.0,101
410,N3P,14.0,16.0,30
411,N3R,65.0,59.0,124
412,N3S,33.0,27.0,60
413,N3T,116.0,67.0,183
414,N3V,6.0,2.0,8
415,N3W,42.0,29.0,71
416,N3Y,33.0,26.0,59
417,N4B,7.0,6.0,13
418,N4G,34.0,34.0,68
419,N4K,66.0,65.0,131
420,N4L,15.0,14.0,29
421,N4N,20.0,13.0,33
422,N4S,60.0,48.0,108
423,N4T,47.0,28.0,75
424,N4V,9.0,4.0,13
425,N4W,14.0,10.0,24
426,N4X,19.0,26.0,45
427,N4Z,4.0,9.0,13
428,N5A,77.0,57.0,134
429,N5C,30.0,20.0,50
430,N5H,17.0,17.0,34
431,N5L,11.0,9.0,20
432,N5N,1.0,,1
433,N5P,29.0,31.0,60
434,N5R,35.0,51.0,86
435,N5V,24.0,32.0,56
436,N5W,25.0,26.0,51
437,N5X,95.0,68.0,163
438,N5Y,28.0,28.0,56
439,N5Z,19.0,35.0,54
440,N6A,44.0,31.0,75
441,N6B,12.0,26.0,38
442,N6C,66.0,54.0,120
443,N6E,11.0,52.0,63
444,N6G,143.0,118.0,261
445,N6H,96.0,72.0,168
446,N6J,29.0,33.0,62
447,N6K,112.0,97.0,209
448,N6L,17.0,12.0,29
449,N6M,16.0,16.0,32
450,N6N,1.0,,1
451,N6P,43.0,37.0,80
452,N6V,1.0,,1
453,N7A,30.0,25.0,55
454,N7G,30.0,24.0,54
455,N7L,31.0,24.0,55
456,N7M,37.0,33.0,70
457,N7S,30.0,33.0,63
458,N7T,17.0,16.0,33
459,N7V,14.0,7.0,21
460,N7W,3.0,5.0,8
461,N7X,7.0,3.0,10
462,N8A,7.0,7.0,14
463,N8H,29.0,29.0,58
464,N8M,12.0,23.0,35
465,N8N,73.0,46.0,119
466,N8P,25.0,35.0,60
467,N8R,11.0,20.0,31
468,N8S,18.0,23.0,41
469,N8T,10.0,14.0,24
470,N8V,1.0,,1
471,N8W,25.0,33.0,58
472,N8X,23.0,20.0,43
473,N8Y,22.0,15.0,37
474,N9A,12.0,24.0,36
475,N9B,16.0,16.0,32
476,N9C,6.0,13.0,19
477,N9E,35.0,38.0,73
478,N9G,31.0,37.0,68
479,N9H,37.0,37.0,74
480,N9J,58.0,42.0,100
481,N9K,7.0,7.0,14
482,N9T,1.0,,1
483,N9V,36.0,43.0,79
484,N9Y,34.0,27.0,61
485,P0A,29.0,16.0,45
486,P0B,39.0,13.0,52
487,P0C,13.0,9.0,22
488,P0E,5.0,6.0,11
489,P0G,4.0,4.0,8
490,P0H,25.0,37.0,62
491,P0J,14.0,17.0,31
492,P0K,3.0,7.0,10
493,P0L,9.0,16.0,25
494,P0M,31.0,54.0,85
495,P0N,1.0,2.0,3
496,P0P,8.0,14.0,22
497,P0R,5.0,5.0,10
498,P0S,9.0,2.0,11
499,P0T,16.0,34.0,50
500,P0V,2.0,7.0,9
501,P0W,1.0,1.0,2
502,P0X,8.0,6.0,14
503,P1A,10.0,13.0,23
504,P1B,29.0,47.0,76
505,P1C,14.0,5.0,19
506,P1H,43.0,21.0,64
507,P1L,34.0,27.0,61
508,P1P,17.0,10.0,27
509,P2A,32.0,12.0,44
510,P2B,9.0,10.0,19
511,P2N,,4.0,4
512,P3A,25.0,28.0,53
513,P3B,15.0,18.0,33
514,P3C,8.0,14.0,22
515,P3E,65.0,69.0,134
516,P3G,21.0,16.0,37
517,P3L,5.0,6.0,11
518,P3N,3.0,10.0,13
519,P3P,29.0,20.0,49
520,P3Y,8.0,9.0,17
521,P4N,10.0,18.0,28
522,P4P,2.0,,2
523,P4R,4.0,3.0,7
524,P5A,1.0,2.0,3
525,P5E,4.0,3.0,7
526,P5N,4.0,8.0,12
527,P6A,17.0,27.0,44
528,P6B,18.0,8.0,26
529,P6C,4.0,4.0,8
530,P7A,19.0,32.0,51
531,P7B,21.0,26.0,47
532,P7C,11.0,12.0,23
533,P7E,6.0,14.0,20
534,P7G,20.0,20.0,40
535,P7J,6.0,5.0,11
536,P7K,4.0,5.0,9
537,P7L,,3.0,3
538,P8N,2.0,7.0,9
539,P8T,3.0,5.0,8
540,P9A,1.0,5.0,6
541,P9N,11.0,5.0,16
1,K0A,472.0,273.0,745
2,K0B,55.0,48.0,103
3,K0C,112.0,81.0,193
4,K0E,81.0,59.0,140
5,K0G,144.0,79.0,223
6,K0H,133.0,92.0,225
7,K0J,51.0,52.0,103
8,K0K,268.0,176.0,444
9,K0L,141.0,93.0,234
10,K0M,84.0,49.0,133
11,K1A,20.0,49.0,69
12,K1B,46.0,41.0,87
13,K1C,140.0,110.0,250
14,K1E,41.0,29.0,70
15,K1G,93.0,102.0,195
16,K1H,79.0,69.0,148
17,K1J,94.0,85.0,179
18,K1K,98.0,87.0,185
19,K1L,33.0,43.0,76
20,K1M,60.0,49.0,109
21,K1N,63.0,55.0,118
22,K1P,17.0,12.0,29
23,K1R,59.0,27.0,86
24,K1S,190.0,163.0,353
25,K1T,148.0,69.0,217
26,K1V,182.0,146.0,328
27,K1W,81.0,35.0,116
28,K1X,30.0,8.0,38
29,K1Y,151.0,75.0,226
30,K1Z,93.0,62.0,155
31,K2A,135.0,61.0,196
32,K2B,75.0,54.0,129
33,K2C,106.0,64.0,170
34,K2E,70.0,52.0,122
35,K2G,193.0,108.0,301
36,K2H,103.0,75.0,178
37,K2J,331.0,194.0,525
38,K2K,164.0,93.0,257
39,K2L,58.0,49.0,107
40,K2M,146.0,96.0,242
41,K2P,57.0,32.0,89
42,K2R,9.0,7.0,16
43,K2S,221.0,128.0,349
44,K2T,78.0,40.0,118
45,K2V,73.0,31.0,104
46,K2W,72.0,23.0,95
47,K4A,263.0,155.0,418
48,K4B,23.0,22.0,45
49,K4C,41.0,16.0,57
50,K4K,87.0,43.0,130
51,K4M,153.0,49.0,202
52,K4P,85.0,37.0,122
53,K4R,31.0,29.0,60
54,K6A,31.0,22.0,53
55,K6H,45.0,31.0,76
56,K6J,15.0,20.0,35
57,K6K,4.0,3.0,7
58,K6T,2.0,,2
59,K6V,48.0,40.0,88
60,K7A,24.0,15.0,39
61,K7C,65.0,39.0,104
62,K7G,25.0,12.0,37
63,K7H,59.0,44.0,103
64,K7K,74.0,48.0,122
65,K7L,112.0,84.0,196
66,K7M,118.0,91.0,209
67,K7N,16.0,9.0,25
68,K7P,89.0,47.0,136
69,K7R,30.0,19.0,49
70,K7S,40.0,17.0,57
71,K7V,20.0,12.0,32
72,K8A,26.0,25.0,51
73,K8B,,1.0,1
74,K8H,29.0,27.0,56
75,K8J,1.0,,1
76,K8N,67.0,44.0,111
77,K8P,21.0,30.0,51
78,K8R,8.0,8.0,16
79,K8V,51.0,43.0,94
80,K9A,80.0,60.0,140
81,K9H,55.0,43.0,98
82,K9J,97.0,74.0,171
83,K9K,33.0,21.0,54
84,K9L,21.0,19.0,40
85,K9V,34.0,19.0,53
86,L0A,63.0,28.0,91
87,L0B,62.0,40.0,102
88,L0C,32.0,14.0,46
89,L0E,52.0,35.0,87
90,L0G,225.0,98.0,323
91,L0H,5.0,7.0,12
92,L0J,72.0,14.0,86
93,L0K,105.0,56.0,161
94,L0L,219.0,75.0,294
95,L0M,125.0,42.0,167
96,L0N,13.0,6.0,19
97,L0P,91.0,25.0,116
98,L0R,378.0,226.0,604
99,L0S,259.0,160.0,419
100,L0T,1.0,,1
101,L1A,49.0,34.0,83
102,L1B,43.0,24.0,67
103,L1C,174.0,71.0,245
104,L1E,81.0,52.0,133
105,L1G,76.0,54.0,130
106,L1H,102.0,45.0,147
107,L1J,78.0,49.0,127
108,L1K,149.0,59.0,208
109,L1L,67.0,27.0,94
110,L1M,106.0,50.0,156
111,L1N,194.0,109.0,303
112,L1P,129.0,56.0,185
113,L1R,172.0,61.0,233
114,L1S,160.0,86.0,246
115,L1T,221.0,82.0,303
116,L1V,230.0,92.0,322
117,L1W,84.0,34.0,118
118,L1X,133.0,36.0,169
119,L1Y,20.0,9.0,29
120,L1Z,170.0,88.0,258
121,L2A,42.0,26.0,68
122,L2E,32.0,25.0,57
123,L2G,75.0,38.0,113
124,L2H,95.0,43.0,138
125,L2J,30.0,22.0,52
126,L2L,,1.0,1
127,L2M,46.0,36.0,82
128,L2N,85.0,54.0,139
129,L2P,33.0,22.0,55
130,L2R,87.0,118.0,205
131,L2S,59.0,40.0,99
132,L2T,28.0,18.0,46
133,L2V,52.0,21.0,73
134,L2W,8.0,5.0,13
135,L2Y,,1.0,1
136,L3B,48.0,26.0,74
137,L3C,65.0,45.0,110
138,L3J,9.0,12.0,21
139,L3K,33.0,23.0,56
140,L3L,3.0,,3
141,L3M,181.0,118.0,299
142,L3P,247.0,103.0,350
143,L3R,521.0,196.0,717
144,L3S,200.0,68.0,268
145,L3T,333.0,126.0,459
146,L3V,99.0,77.0,176
147,L3X,320.0,119.0,439
148,L3Y,211.0,143.0,354
149,L3Z,230.0,76.0,306
150,L4A,449.0,144.0,593
151,L4B,503.0,149.0,652
152,L4C,484.0,179.0,663
153,L4E,516.0,182.0,698
154,L4G,495.0,214.0,709
155,L4H,557.0,146.0,703
156,L4J,472.0,192.0,664
157,L4K,233.0,74.0,307
158,L4L,286.0,85.0,371
159,L4M,154.0,74.0,228
160,L4N,352.0,133.0,485
161,L4P,114.0,52.0,166
162,L4R,34.0,20.0,54
163,L4S,327.0,121.0,448
164,L4T,69.0,35.0,104
165,L4V,18.0,9.0,27
166,L4W,150.0,76.0,226
167,L4X,50.0,14.0,64
168,L4Y,53.0,38.0,91
169,L4Z,144.0,84.0,228
170,L5A,85.0,28.0,113
171,L5B,218.0,106.0,324
172,L5C,124.0,64.0,188
173,L5E,66.0,27.0,93
174,L5G,158.0,76.0,234
175,L5H,217.0,76.0,293
176,L5J,138.0,75.0,213
177,L5K,70.0,28.0,98
178,L5L,223.0,122.0,345
179,L5M,606.0,230.0,836
180,L5N,357.0,168.0,525
181,L5P,3.0,8.0,11
182,L5R,158.0,65.0,223
183,L5S,30.0,7.0,37
184,L5T,66.0,24.0,90
185,L5V,191.0,68.0,259
186,L5W,175.0,39.0,214
187,L5X,1.0,,1
188,L6A,610.0,155.0,765
189,L6B,303.0,65.0,368
190,L6C,640.0,196.0,836
191,L6E,258.0,88.0,346
192,L6G,58.0,21.0,79
193,L6H,692.0,316.0,1008
194,L6J,411.0,160.0,571
195,L6K,130.0,107.0,237
196,L6L,338.0,139.0,477
197,L6M,650.0,273.0,923
198,L6N,1.0,,1
199,L6P,526.0,120.0,646
200,L6R,303.0,106.0,409
201,L6S,136.0,80.0,216
202,L6T,107.0,78.0,185
203,L6V,84.0,55.0,139
204,L6W,71.0,49.0,120
205,L6X,342.0,89.0,431
206,L6Y,463.0,142.0,605
207,L6Z,92.0,54.0,146
208,L7A,362.0,118.0,480
209,L7B,252.0,67.0,319
210,L7C,301.0,94.0,395
211,L7E,205.0,79.0,284
212,L7G,259.0,130.0,389
213,L7H,1.0,,1
214,L7J,72.0,38.0,110
215,L7K,68.0,25.0,93
216,L7L,308.0,183.0,491
217,L7M,375.0,182.0,557
218,L7N,104.0,52.0,156
219,L7P,205.0,101.0,306
220,L7R,115.0,93.0,208
221,L7S,57.0,42.0,99
222,L7T,119.0,67.0,186
223,L8B,152.0,77.0,229
224,L8E,168.0,93.0,261
225,L8G,67.0,33.0,100
226,L8H,40.0,25.0,65
227,L8J,114.0,61.0,175
228,L8K,57.0,52.0,109
229,L8L,49.0,35.0,84
230,L8M,25.0,35.0,60
231,L8N,29.0,26.0,55
232,L8P,75.0,69.0,144
233,L8R,18.0,10.0,28
234,L8S,36.0,32.0,68
235,L8T,29.0,27.0,56
236,L8V,24.0,23.0,47
237,L8W,59.0,41.0,100
238,L9A,61.0,43.0,104
239,L9B,77.0,59.0,136
240,L9C,114.0,91.0,205
241,L9E,160.0,30.0,190
242,L9G,179.0,106.0,285
243,L9H,214.0,146.0,360
244,L9J,20.0,3.0,23
245,L9K,140.0,53.0,193
246,L9L,63.0,25.0,88
247,L9M,32.0,29.0,61
248,L9N,170.0,55.0,225
249,L9P,79.0,52.0,131
250,L9R,80.0,39.0,119
251,L9S,157.0,58.0,215
252,L9T,632.0,220.0,852
253,L9V,59.0,34.0,93
254,L9W,207.0,109.0,316
255,L9X,96.0,28.0,124
256,L9Y,142.0,68.0,210
257,L9Z,67.0,34.0,101
258,M1B,176.0,119.0,295
259,M1C,178.0,78.0,256
260,M1E,95.0,66.0,161
261,M1G,33.0,22.0,55
262,M1H,56.0,35.0,91
263,M1J,45.0,19.0,64
264,M1K,50.0,25.0,75
265,M1L,62.0,28.0,90
266,M1M,78.0,34.0,112
267,M1N,83.0,57.0,140
268,M1P,74.0,34.0,108
269,M1R,52.0,27.0,79
270,M1S,94.0,42.0,136
271,M1T,57.0,25.0,82
272,M1V,107.0,45.0,152
273,M1W,92.0,43.0,135
274,M1X,58.0,18.0,76
275,M2B,1.0,,1
276,M2H,86.0,40.0,126
277,M2J,218.0,91.0,309
278,M2K,118.0,50.0,168
279,M2L,151.0,46.0,197
280,M2M,139.0,46.0,185
281,M2N,407.0,186.0,593
282,M2P,99.0,25.0,124
283,M2R,68.0,50.0,118
284,M3A,209.0,39.0,248
285,M3B,191.0,58.0,249
286,M3C,114.0,36.0,150
287,M3H,152.0,58.0,210
288,M3J,88.0,28.0,116
289,M3K,25.0,8.0,33
290,M3L,26.0,6.0,32
291,M3M,19.0,11.0,30
292,M3N,25.0,13.0,38
293,M3R,,1.0,1
294,M4A,28.0,12.0,40
295,M4B,59.0,29.0,88
296,M4C,90.0,66.0,156
297,M4E,128.0,82.0,210
298,M4G,195.0,81.0,276
299,M4H,13.0,8.0,21
300,M4J,116.0,56.0,172
301,M4K,111.0,66.0,177
302,M4L,128.0,79.0,207
303,M4M,112.0,72.0,184
304,M4N,199.0,79.0,278
305,M4P,99.0,46.0,145
306,M4R,94.0,50.0,144
307,M4S,186.0,38.0,224
308,M4T,92.0,40.0,132
309,M4V,169.0,59.0,228
310,M4W,160.0,64.0,224
311,M4X,32.0,8.0,40
312,M4Y,76.0,26.0,102
313,M5A,170.0,58.0,228
314,M5B,29.0,17.0,46
315,M5C,21.0,8.0,29
316,M5E,62.0,15.0,77
317,M5G,45.0,41.0,86
318,M5H,58.0,19.0,77
319,M5J,81.0,33.0,114
320,M5K,4.0,1.0,5
321,M5L,4.0,,4
322,M5M,254.0,109.0,363
323,M5N,116.0,53.0,169
324,M5P,180.0,66.0,246
325,M5R,171.0,66.0,237
326,M5S,57.0,28.0,85
327,M5T,36.0,21.0,57
328,M5V,358.0,63.0,421
329,M5X,2.0,2.0,4
330,M6A,46.0,22.0,68
331,M6B,84.0,38.0,122
332,M6C,134.0,51.0,185
333,M6E,71.0,28.0,99
334,M6G,106.0,53.0,159
335,M6H,86.0,47.0,133
336,M6J,126.0,39.0,165
337,M6K,120.0,45.0,165
338,M6L,23.0,13.0,36
339,M6M,38.0,28.0,66
340,M6N,50.0,41.0,91
341,M6P,108.0,84.0,192
342,M6R,76.0,64.0,140
343,M6S,187.0,106.0,293
344,M6X,1.0,,1
345,M6Y,1.0,,1
346,M6Z,1.0,,1
347,M8B,2.0,,2
348,M8V,196.0,77.0,273
349,M8W,95.0,43.0,138
350,M8X,118.0,48.0,166
351,M8Y,134.0,50.0,184
352,M8Z,177.0,97.0,274
353,M9A,216.0,106.0,322
354,M9B,190.0,77.0,267
355,M9C,109.0,57.0,166
356,M9L,30.0,16.0,46
357,M9M,30.0,10.0,40
358,M9N,40.0,27.0,67
359,M9P,51.0,16.0,67
360,M9R,50.0,21.0,71
361,M9V,74.0,37.0,111
362,M9W,467.0,42.0,509
363,N0A,76.0,44.0,120
364,N0B,518.0,261.0,779
365,N0C,44.0,22.0,66
366,N0E,64.0,50.0,114
367,N0G,145.0,98.0,243
368,N0H,173.0,114.0,287
369,N0J,66.0,46.0,112
370,N0K,27.0,20.0,47
371,N0L,149.0,98.0,247
372,N0M,149.0,95.0,244
373,N0N,55.0,49.0,104
374,N0P,73.0,56.0,129
375,N0R,128.0,125.0,253
376,N1A,27.0,10.0,37
377,N1C,13.0,20.0,33
378,N1E,155.0,97.0,252
379,N1G,126.0,79.0,205
380,N1H,146.0,95.0,241
381,N1K,38.0,20.0,58
382,N1L,122.0,60.0,182
383,N1M,56.0,39.0,95
384,N1P,25.0,14.0,39
385,N1R,105.0,59.0,164
386,N1S,78.0,36.0,114
387,N1T,94.0,40.0,134
388,N2A,127.0,64.0,191
389,N2B,60.0,27.0,87
390,N2C,37.0,22.0,59
391,N2E,103.0,44.0,147
392,N2G,67.0,25.0,92
393,N2H,102.0,50.0,152
394,N2J,95.0,34.0,129
395,N2K,211.0,95.0,306
396,N2L,164.0,83.0,247
397,N2M,102.0,55.0,157
398,N2N,64.0,57.0,121
399,N2P,163.0,65.0,228
400,N2R,104.0,39.0,143
401,N2S,1.0,,1
402,N2T,128.0,66.0,194
403,N2V,118.0,78.0,196
404,N2Z,42.0,31.0,73
405,N3A,90.0,64.0,154
406,N3B,38.0,18.0,56
407,N3C,133.0,74.0,207
408,N3E,21.0,6.0,27
409,N3G,1.0,,1
410,N3H,72.0,34.0,106
411,N3L,77.0,45.0,122
412,N3M,1.0,,1
413,N3P,12.0,17.0,29
414,N3R,76.0,59.0,135
415,N3S,39.0,30.0,69
416,N3T,130.0,69.0,199
417,N3V,5.0,2.0,7
418,N3W,52.0,29.0,81
419,N3Y,37.0,27.0,64
420,N4B,11.0,7.0,18
421,N4G,37.0,32.0,69
422,N4K,76.0,68.0,144
423,N4L,15.0,13.0,28
424,N4N,23.0,11.0,34
425,N4S,68.0,51.0,119
426,N4T,51.0,34.0,85
427,N4V,9.0,4.0,13
428,N4W,16.0,11.0,27
429,N4X,20.0,30.0,50
430,N4Z,4.0,9.0,13
431,N5A,85.0,66.0,151
432,N5C,40.0,18.0,58
433,N5H,16.0,19.0,35
434,N5L,11.0,9.0,20
435,N5N,1.0,,1
436,N5P,36.0,33.0,69
437,N5R,46.0,52.0,98
438,N5V,29.0,32.0,61
439,N5W,27.0,29.0,56
440,N5X,110.0,74.0,184
441,N5Y,29.0,30.0,59
442,N5Z,23.0,36.0,59
443,N6A,47.0,32.0,79
444,N6B,12.0,26.0,38
445,N6C,70.0,55.0,125
446,N6E,12.0,53.0,65
447,N6G,153.0,129.0,282
448,N6H,101.0,67.0,168
449,N6J,31.0,32.0,63
450,N6K,133.0,111.0,244
451,N6L,20.0,13.0,33
452,N6M,24.0,15.0,39
453,N6N,3.0,,3
454,N6P,55.0,40.0,95
455,N7A,34.0,27.0,61
456,N7G,34.0,26.0,60
457,N7L,32.0,22.0,54
458,N7M,41.0,34.0,75
459,N7S,34.0,36.0,70
460,N7T,20.0,21.0,41
461,N7V,16.0,9.0,25
462,N7W,5.0,5.0,10
463,N7X,8.0,3.0,11
464,N8A,9.0,7.0,16
465,N8H,30.0,34.0,64
466,N8M,18.0,21.0,39
467,N8N,78.0,52.0,130
468,N8P,28.0,36.0,64
469,N8R,11.0,21.0,32
470,N8S,20.0,28.0,48
471,N8T,8.0,16.0,24
472,N8V,1.0,,1
473,N8W,30.0,36.0,66
474,N8X,26.0,19.0,45
475,N8Y,25.0,13.0,38
476,N9A,14.0,27.0,41
477,N9B,18.0,15.0,33
478,N9C,8.0,16.0,24
479,N9E,39.0,36.0,75
480,N9G,40.0,35.0,75
481,N9H,43.0,40.0,83
482,N9J,66.0,45.0,111
483,N9K,8.0,7.0,15
484,N9T,1.0,,1
485,N9V,47.0,42.0,89
486,N9Y,39.0,27.0,66
487,P0A,34.0,15.0,49
488,P0B,45.0,17.0,62
489,P0C,21.0,10.0,31
490,P0E,7.0,7.0,14
491,P0G,4.0,6.0,10
492,P0H,32.0,41.0,73
493,P0J,15.0,18.0,33
494,P0K,3.0,7.0,10
495,P0L,10.0,18.0,28
496,P0M,42.0,63.0,105
497,P0N,1.0,2.0,3
498,P0P,9.0,15.0,24
499,P0R,9.0,4.0,13
500,P0S,12.0,3.0,15
501,P0T,18.0,30.0,48
502,P0V,3.0,7.0,10
503,P0W,1.0,1.0,2
504,P0X,7.0,7.0,14
505,P1A,13.0,12.0,25
506,P1B,32.0,46.0,78
507,P1C,16.0,5.0,21
508,P1H,46.0,22.0,68
509,P1L,40.0,29.0,69
510,P1P,21.0,9.0,30
511,P2A,32.0,12.0,44
512,P2B,10.0,10.0,20
513,P2N,,3.0,3
514,P3A,37.0,29.0,66
515,P3B,21.0,18.0,39
516,P3C,11.0,16.0,27
517,P3E,79.0,69.0,148
518,P3G,22.0,17.0,39
519,P3L,5.0,7.0,12
520,P3N,4.0,12.0,16
521,P3P,36.0,32.0,68
522,P3Y,11.0,12.0,23
523,P4N,9.0,17.0,26
524,P4P,2.0,1.0,3
525,P4R,4.0,7.0,11
526,P5A,1.0,3.0,4
527,P5E,5.0,3.0,8
528,P5N,5.0,10.0,15
529,P6A,19.0,27.0,46
530,P6B,18.0,10.0,28
531,P6C,6.0,4.0,10
532,P7A,20.0,36.0,56
533,P7B,23.0,28.0,51
534,P7C,13.0,11.0,24
535,P7E,7.0,19.0,26
536,P7G,23.0,22.0,45
537,P7J,9.0,6.0,15
538,P7K,6.0,5.0,11
539,P7L,,3.0,3
540,P8N,4.0,9.0,13
541,P8T,5.0,5.0,10
542,P9A,3.0,6.0,9
543,P9N,13.0,5.0,18
1,K0A,573.0,298.0,871
2,K0B,57.0,50.0,107
3,K0C,129.0,86.0,215
4,K0E,91.0,64.0,155
5,K0G,164.0,90.0,254
6,K0H,158.0,109.0,267
7,K0J,58.0,54.0,112
8,K0K,311.0,194.0,505
9,K0L,163.0,99.0,262
10,K0M,101.0,48.0,149
11,K1A,23.0,51.0,74
12,K1B,62.0,48.0,110
13,K1C,155.0,120.0,275
14,K1E,47.0,30.0,77
15,K1G,104.0,102.0,206
16,K1H,90.0,79.0,169
17,K1J,111.0,93.0,204
18,K1K,115.0,92.0,207
19,K1L,36.0,49.0,85
20,K1M,69.0,53.0,122
21,K1N,66.0,63.0,129
22,K1P,17.0,15.0,32
23,K1R,62.0,34.0,96
24,K1S,229.0,177.0,406
25,K1T,171.0,75.0,246
26,K1V,208.0,158.0,366
27,K1W,92.0,43.0,135
28,K1X,33.0,8.0,41
29,K1Y,164.0,81.0,245
30,K1Z,105.0,60.0,165
31,K2A,149.0,70.0,219
32,K2B,92.0,67.0,159
33,K2C,116.0,69.0,185
34,K2E,82.0,54.0,136
35,K2G,212.0,118.0,330
36,K2H,118.0,84.0,202
37,K2J,379.0,212.0,591
38,K2K,181.0,98.0,279
39,K2L,64.0,51.0,115
40,K2M,172.0,99.0,271
41,K2P,65.0,36.0,101
42,K2R,14.0,8.0,22
43,K2S,259.0,138.0,397
44,K2T,88.0,42.0,130
45,K2V,85.0,34.0,119
46,K2W,82.0,24.0,106
47,K4A,296.0,163.0,459
48,K4B,29.0,24.0,53
49,K4C,48.0,21.0,69
50,K4K,98.0,47.0,145
51,K4M,190.0,60.0,250
52,K4P,99.0,42.0,141
53,K4R,37.0,34.0,71
54,K5M,1.0,,1
55,K6A,32.0,21.0,53
56,K6H,53.0,39.0,92
57,K6J,19.0,20.0,39
58,K6K,4.0,4.0,8
59,K6T,2.0,,2
60,K6V,54.0,45.0,99
61,K7A,29.0,19.0,48
62,K7C,73.0,40.0,113
63,K7G,25.0,12.0,37
64,K7H,68.0,46.0,114
65,K7K,83.0,52.0,135
66,K7L,123.0,91.0,214
67,K7M,145.0,103.0,248
68,K7N,21.0,9.0,30
69,K7P,105.0,48.0,153
70,K7R,32.0,20.0,52
71,K7S,46.0,19.0,65
72,K7V,24.0,12.0,36
73,K8A,35.0,26.0,61
74,K8B,,1.0,1
75,K8H,38.0,32.0,70
76,K8J,1.0,,1
77,K8N,79.0,48.0,127
78,K8P,27.0,31.0,58
79,K8R,9.0,6.0,15
80,K8V,57.0,51.0,108
81,K9A,99.0,66.0,165
82,K9H,60.0,46.0,106
83,K9J,108.0,81.0,189
84,K9K,40.0,19.0,59
85,K9L,21.0,20.0,41
86,K9V,44.0,27.0,71
87,L0A,74.0,32.0,106
88,L0B,68.0,42.0,110
89,L0C,38.0,16.0,54
90,L0E,55.0,35.0,90
91,L0G,275.0,98.0,373
92,L0H,10.0,7.0,17
93,L0J,74.0,14.0,88
94,L0K,142.0,60.0,202
95,L0L,255.0,78.0,333
96,L0M,145.0,47.0,192
97,L0N,15.0,6.0,21
98,L0P,112.0,28.0,140
99,L0R,435.0,235.0,670
100,L0S,314.0,178.0,492
101,L0T,1.0,,1
102,L1A,56.0,35.0,91
103,L1B,49.0,28.0,77
104,L1C,198.0,83.0,281
105,L1E,89.0,51.0,140
106,L1G,86.0,60.0,146
107,L1H,126.0,43.0,169
108,L1J,83.0,61.0,144
109,L1K,186.0,61.0,247
110,L1L,85.0,25.0,110
111,L1M,127.0,50.0,177
112,L1N,216.0,111.0,327
113,L1P,173.0,61.0,234
114,L1R,208.0,62.0,270
115,L1S,190.0,91.0,281
116,L1T,271.0,90.0,361
117,L1V,286.0,103.0,389
118,L1W,105.0,38.0,143
119,L1X,167.0,39.0,206
120,L1Y,22.0,9.0,31
121,L1Z,201.0,96.0,297
122,L2A,49.0,27.0,76
123,L2E,36.0,24.0,60
124,L2G,83.0,45.0,128
125,L2H,115.0,54.0,169
126,L2J,39.0,23.0,62
127,L2L,,1.0,1
128,L2M,53.0,44.0,97
129,L2N,104.0,55.0,159
130,L2P,38.0,21.0,59
131,L2R,96.0,124.0,220
132,L2S,65.0,43.0,108
133,L2T,32.0,22.0,54
134,L2V,66.0,20.0,86
135,L2W,8.0,4.0,12
136,L2Y,,1.0,1
137,L3A,1.0,,1
138,L3B,58.0,26.0,84
139,L3C,76.0,48.0,124
140,L3E,1.0,,1
141,L3J,20.0,23.0,43
142,L3K,39.0,24.0,63
143,L3L,4.0,,4
144,L3M,210.0,129.0,339
145,L3N,1.0,,1
146,L3P,289.0,107.0,396
147,L3R,613.0,209.0,822
148,L3S,244.0,79.0,323
149,L3T,393.0,134.0,527
150,L3V,130.0,81.0,211
151,L3X,393.0,119.0,512
152,L3Y,243.0,143.0,386
153,L3Z,272.0,74.0,346
154,L4A,523.0,158.0,681
155,L4B,585.0,149.0,734
156,L4C,594.0,186.0,780
157,L4E,613.0,184.0,797
158,L4G,615.0,228.0,843
159,L4H,685.0,162.0,847
160,L4J,559.0,190.0,749
161,L4K,302.0,82.0,384
162,L4L,353.0,96.0,449
163,L4M,177.0,74.0,251
164,L4N,420.0,148.0,568
165,L4P,139.0,55.0,194
166,L4R,42.0,23.0,65
167,L4S,387.0,125.0,512
168,L4T,83.0,40.0,123
169,L4V,24.0,11.0,35
170,L4W,242.0,80.0,322
171,L4X,58.0,15.0,73
172,L4Y,76.0,41.0,117
173,L4Z,176.0,85.0,261
174,L5A,99.0,32.0,131
175,L5B,255.0,116.0,371
176,L5C,146.0,69.0,215
177,L5E,80.0,28.0,108
178,L5G,187.0,86.0,273
179,L5H,247.0,82.0,329
180,L5J,173.0,80.0,253
181,L5K,85.0,31.0,116
182,L5L,265.0,117.0,382
183,L5M,717.0,237.0,954
184,L5N,417.0,174.0,591
185,L5P,3.0,8.0,11
186,L5R,244.0,80.0,324
187,L5S,42.0,8.0,50
188,L5T,101.0,26.0,127
189,L5V,255.0,70.0,325
190,L5W,207.0,44.0,251
191,L5X,1.0,,1
192,L6A,728.0,167.0,895
193,L6B,364.0,72.0,436
194,L6C,755.0,212.0,967
195,L6E,314.0,96.0,410
196,L6G,65.0,20.0,85
197,L6H,816.0,334.0,1150
198,L6J,465.0,180.0,645
199,L6K,161.0,108.0,269
200,L6L,412.0,149.0,561
201,L6M,799.0,283.0,1082
202,L6P,697.0,129.0,826
203,L6R,409.0,107.0,516
204,L6S,164.0,85.0,249
205,L6T,117.0,85.0,202
206,L6V,106.0,57.0,163
207,L6W,79.0,53.0,132
208,L6X,408.0,95.0,503
209,L6Y,582.0,147.0,729
210,L6Z,114.0,57.0,171
211,L7A,459.0,134.0,593
212,L7B,308.0,67.0,375
213,L7C,392.0,104.0,496
214,L7E,229.0,84.0,313
215,L7G,330.0,144.0,474
216,L7H,1.0,,1
217,L7J,81.0,42.0,123
218,L7K,78.0,26.0,104
219,L7L,375.0,196.0,571
220,L7M,423.0,191.0,614
221,L7N,112.0,56.0,168
222,L7P,232.0,105.0,337
223,L7R,131.0,96.0,227
224,L7S,70.0,45.0,115
225,L7T,138.0,75.0,213
226,L8B,191.0,93.0,284
227,L8E,199.0,107.0,306
228,L8G,82.0,40.0,122
229,L8H,45.0,28.0,73
230,L8J,139.0,60.0,199
231,L8K,67.0,55.0,122
232,L8L,51.0,32.0,83
233,L8M,26.0,35.0,61
234,L8N,35.0,24.0,59
235,L8P,81.0,78.0,159
236,L8R,20.0,13.0,33
237,L8S,45.0,35.0,80
238,L8T,32.0,29.0,61
239,L8V,26.0,27.0,53
240,L8W,74.0,40.0,114
241,L9A,71.0,42.0,113
242,L9B,96.0,67.0,163
243,L9C,135.0,96.0,231
244,L9E,200.0,32.0,232
245,L9G,215.0,117.0,332
246,L9H,243.0,156.0,399
247,L9J,23.0,3.0,26
248,L9K,167.0,55.0,222
249,L9L,69.0,26.0,95
250,L9M,40.0,32.0,72
251,L9N,228.0,53.0,281
252,L9P,102.0,61.0,163
253,L9R,95.0,38.0,133
254,L9S,190.0,65.0,255
255,L9T,753.0,236.0,989
256,L9V,76.0,43.0,119
257,L9W,243.0,112.0,355
258,L9X,110.0,33.0,143
259,L9Y,176.0,74.0,250
260,L9Z,77.0,35.0,112
261,M1B,201.0,117.0,318
262,M1C,205.0,81.0,286
263,M1E,109.0,73.0,182
264,M1G,40.0,22.0,62
265,M1H,71.0,34.0,105
266,M1J,47.0,19.0,66
267,M1K,62.0,27.0,89
268,M1L,74.0,30.0,104
269,M1M,95.0,39.0,134
270,M1N,89.0,61.0,150
271,M1P,89.0,34.0,123
272,M1R,67.0,31.0,98
273,M1S,119.0,51.0,170
274,M1T,65.0,34.0,99
275,M1V,127.0,45.0,172
276,M1W,106.0,50.0,156
277,M1X,78.0,16.0,94
278,M2B,1.0,,1
279,M2H,107.0,46.0,153
280,M2J,267.0,110.0,377
281,M2K,148.0,59.0,207
282,M2L,175.0,56.0,231
283,M2M,170.0,60.0,230
284,M2N,470.0,200.0,670
285,M2P,116.0,29.0,145
286,M2R,84.0,54.0,138
287,M3A,244.0,44.0,288
288,M3B,226.0,63.0,289
289,M3C,130.0,36.0,166
290,M3H,177.0,65.0,242
291,M3J,100.0,33.0,133
292,M3K,36.0,10.0,46
293,M3L,33.0,6.0,39
294,M3M,20.0,8.0,28
295,M3N,32.0,10.0,42
296,M3R,,1.0,1
297,M4A,29.0,16.0,45
298,M4B,67.0,28.0,95
299,M4C,110.0,72.0,182
300,M4E,142.0,92.0,234
301,M4G,218.0,85.0,303
302,M4H,17.0,8.0,25
303,M4J,128.0,63.0,191
304,M4K,130.0,74.0,204
305,M4L,147.0,87.0,234
306,M4M,134.0,80.0,214
307,M4N,238.0,84.0,322
308,M4P,110.0,44.0,154
309,M4R,100.0,55.0,155
310,M4S,206.0,42.0,248
311,M4T,107.0,41.0,148
312,M4V,189.0,59.0,248
313,M4W,193.0,66.0,259
314,M4X,31.0,8.0,39
315,M4Y,96.0,30.0,126
316,M5A,201.0,58.0,259
317,M5B,33.0,18.0,51
318,M5C,30.0,8.0,38
319,M5E,71.0,18.0,89
320,M5G,52.0,46.0,98
321,M5H,79.0,20.0,99
322,M5J,91.0,32.0,123
323,M5K,6.0,1.0,7
324,M5L,5.0,,5
325,M5M,298.0,119.0,417
326,M5N,131.0,57.0,188
327,M5P,207.0,75.0,282
328,M5R,208.0,73.0,281
329,M5S,65.0,31.0,96
330,M5T,52.0,22.0,74
331,M5V,384.0,76.0,460
332,M5X,2.0,2.0,4
333,M6A,51.0,21.0,72
334,M6B,107.0,43.0,150
335,M6C,160.0,61.0,221
336,M6E,80.0,28.0,108
337,M6G,136.0,65.0,201
338,M6H,106.0,53.0,159
339,M6J,152.0,43.0,195
340,M6K,139.0,51.0,190
341,M6L,26.0,15.0,41
342,M6M,50.0,30.0,80
343,M6N,54.0,42.0,96
344,M6P,129.0,86.0,215
345,M6R,98.0,71.0,169
346,M6S,226.0,118.0,344
347,M6Y,1.0,,1
348,M6Z,1.0,,1
349,M8A,1.0,,1
350,M8B,2.0,,2
351,M8V,236.0,78.0,314
352,M8W,123.0,41.0,164
353,M8X,131.0,56.0,187
354,M8Y,163.0,57.0,220
355,M8Z,212.0,111.0,323
356,M9A,249.0,111.0,360
357,M9B,215.0,76.0,291
358,M9C,129.0,65.0,194
359,M9L,47.0,14.0,61
360,M9M,42.0,10.0,52
361,M9N,59.0,29.0,88
362,M9P,64.0,19.0,83
363,M9R,59.0,22.0,81
364,M9V,100.0,39.0,139
365,M9W,513.0,48.0,561
366,N0A,85.0,55.0,140
367,N0B,595.0,287.0,882
368,N0C,56.0,26.0,82
369,N0E,81.0,54.0,135
370,N0G,173.0,105.0,278
371,N0H,215.0,123.0,338
372,N0J,80.0,59.0,139
373,N0K,32.0,25.0,57
374,N0L,176.0,111.0,287
375,N0M,179.0,105.0,284
376,N0N,65.0,55.0,120
377,N0P,85.0,57.0,142
378,N0R,163.0,146.0,309
379,N1A,29.0,11.0,40
380,N1C,15.0,20.0,35
381,N1E,179.0,104.0,283
382,N1G,158.0,79.0,237
383,N1H,167.0,97.0,264
384,N1K,44.0,21.0,65
385,N1L,146.0,67.0,213
386,N1M,66.0,44.0,110
387,N1P,31.0,14.0,45
388,N1R,121.0,60.0,181
389,N1S,94.0,41.0,135
390,N1T,102.0,39.0,141
391,N2A,150.0,67.0,217
392,N2B,67.0,31.0,98
393,N2C,40.0,20.0,60
394,N2E,105.0,47.0,152
395,N2G,69.0,29.0,98
396,N2H,120.0,59.0,179
397,N2J,108.0,39.0,147
398,N2K,235.0,99.0,334
399,N2L,183.0,84.0,267
400,N2M,118.0,58.0,176
401,N2N,77.0,65.0,142
402,N2P,195.0,73.0,268
403,N2R,138.0,42.0,180
404,N2S,1.0,,1
405,N2T,146.0,74.0,220
406,N2V,133.0,77.0,210
407,N2Z,56.0,33.0,89
408,N3A,109.0,69.0,178
409,N3B,49.0,22.0,71
410,N3C,155.0,78.0,233
411,N3E,22.0,6.0,28
412,N3G,1.0,,1
413,N3H,84.0,33.0,117
414,N3K,1.0,,1
415,N3L,88.0,49.0,137
416,N3M,1.0,,1
417,N3P,14.0,18.0,32
418,N3R,86.0,58.0,144
419,N3S,51.0,30.0,81
420,N3T,157.0,80.0,237
421,N3V,11.0,2.0,13
422,N3W,66.0,28.0,94
423,N3Y,45.0,28.0,73
424,N4B,13.0,7.0,20
425,N4G,50.0,35.0,85
426,N4K,86.0,67.0,153
427,N4L,17.0,16.0,33
428,N4N,26.0,13.0,39
429,N4S,82.0,50.0,132
430,N4T,57.0,33.0,90
431,N4V,11.0,5.0,16
432,N4W,29.0,16.0,45
433,N4X,24.0,28.0,52
434,N4Z,7.0,9.0,16
435,N5A,91.0,71.0,162
436,N5C,49.0,17.0,66
437,N5H,21.0,18.0,39
438,N5L,15.0,10.0,25
439,N5N,1.0,,1
440,N5P,46.0,33.0,79
441,N5R,58.0,52.0,110
442,N5V,38.0,34.0,72
443,N5W,35.0,29.0,64
444,N5X,133.0,79.0,212
445,N5Y,32.0,32.0,64
446,N5Z,27.0,37.0,64
447,N6A,55.0,34.0,89
448,N6B,19.0,24.0,43
449,N6C,83.0,60.0,143
450,N6E,16.0,51.0,67
451,N6G,187.0,138.0,325
452,N6H,116.0,73.0,189
453,N6J,38.0,33.0,71
454,N6K,160.0,125.0,285
455,N6L,25.0,14.0,39
456,N6M,28.0,15.0,43
457,N6N,6.0,,6
458,N6P,66.0,43.0,109
459,N7A,40.0,31.0,71
460,N7G,44.0,30.0,74
461,N7L,39.0,24.0,63
462,N7M,45.0,31.0,76
463,N7S,42.0,39.0,81
464,N7T,22.0,19.0,41
465,N7V,20.0,11.0,31
466,N7W,7.0,5.0,12
467,N7X,11.0,3.0,14
468,N8A,11.0,9.0,20
469,N8H,34.0,41.0,75
470,N8M,22.0,26.0,48
471,N8N,99.0,60.0,159
472,N8P,37.0,37.0,74
473,N8R,16.0,21.0,37
474,N8S,28.0,29.0,57
475,N8T,12.0,16.0,28
476,N8W,40.0,35.0,75
477,N8X,30.0,18.0,48
478,N8Y,24.0,19.0,43
479,N9A,16.0,36.0,52
480,N9B,23.0,17.0,40
481,N9C,8.0,14.0,22
482,N9E,48.0,38.0,86
483,N9G,45.0,38.0,83
484,N9H,53.0,46.0,99
485,N9J,77.0,55.0,132
486,N9K,14.0,8.0,22
487,N9T,1.0,,1
488,N9V,51.0,47.0,98
489,N9Y,49.0,32.0,81
490,P0A,35.0,20.0,55
491,P0B,50.0,18.0,68
492,P0C,28.0,11.0,39
493,P0E,8.0,10.0,18
494,P0G,4.0,6.0,10
495,P0H,47.0,43.0,90
496,P0J,19.0,18.0,37
497,P0K,4.0,6.0,10
498,P0L,9.0,18.0,27
499,P0M,55.0,71.0,126
500,P0N,3.0,5.0,8
501,P0P,15.0,19.0,34
502,P0R,10.0,5.0,15
503,P0S,15.0,3.0,18
504,P0T,24.0,31.0,55
505,P0V,4.0,6.0,10
506,P0W,2.0,1.0,3
507,P0X,11.0,6.0,17
508,P1A,15.0,15.0,30
509,P1B,37.0,48.0,85
510,P1C,18.0,7.0,25
511,P1H,57.0,25.0,82
512,P1L,51.0,32.0,83
513,P1P,27.0,14.0,41
514,P2A,42.0,13.0,55
515,P2B,11.0,12.0,23
516,P2N,1.0,3.0,4
517,P3A,38.0,31.0,69
518,P3B,23.0,18.0,41
519,P3C,17.0,18.0,35
520,P3E,93.0,70.0,163
521,P3G,29.0,19.0,48
522,P3L,5.0,7.0,12
523,P3N,7.0,11.0,18
524,P3P,42.0,33.0,75
525,P3S,1.0,,1
526,P3Y,14.0,10.0,24
527,P4N,12.0,18.0,30
528,P4P,2.0,1.0,3
529,P4R,6.0,8.0,14
530,P5A,2.0,3.0,5
531,P5E,6.0,3.0,9
532,P5N,8.0,12.0,20
533,P6A,30.0,30.0,60
534,P6B,25.0,8.0,33
535,P6C,9.0,4.0,13
536,P7A,27.0,36.0,63
537,P7B,29.0,29.0,58
538,P7C,18.0,14.0,32
539,P7E,11.0,19.0,30
540,P7G,28.0,24.0,52
541,P7J,8.0,6.0,14
542,P7K,7.0,5.0,12
543,P7L,2.0,2.0,4
544,P8N,6.0,8.0,14
545,P8T,5.0,6.0,11
546,P9A,3.0,6.0,9
547,P9N,18.0,8.0,26
1,K0A,622.0,306.0,928
2,K0B,66.0,52.0,118
3,K0C,142.0,92.0,234
4,K0E,97.0,65.0,162
5,K0G,176.0,96.0,272
6,K0H,171.0,112.0,283
7,K0J,67.0,59.0,126
8,K0K,344.0,195.0,539
9,K0L,190.0,104.0,294
10,K0M,125.0,50.0,175
11,K1A,23.0,54.0,77
12,K1B,63.0,47.0,110
13,K1C,158.0,131.0,289
14,K1E,49.0,27.0,76
15,K1G,116.0,102.0,218
16,K1H,97.0,83.0,180
17,K1J,122.0,98.0,220
18,K1K,118.0,93.0,211
19,K1L,37.0,47.0,84
20,K1M,67.0,53.0,120
21,K1N,78.0,63.0,141
22,K1P,18.0,14.0,32
23,K1R,63.0,34.0,97
24,K1S,251.0,188.0,439
25,K1T,171.0,85.0,256
26,K1V,229.0,168.0,397
27,K1W,97.0,44.0,141
28,K1X,42.0,7.0,49
29,K1Y,171.0,87.0,258
30,K1Z,107.0,64.0,171
31,K2A,168.0,75.0,243
32,K2B,90.0,75.0,165
33,K2C,120.0,75.0,195
34,K2E,93.0,54.0,147
35,K2G,234.0,128.0,362
36,K2H,127.0,90.0,217
37,K2J,430.0,214.0,644
38,K2K,194.0,104.0,298
39,K2L,66.0,50.0,116
40,K2M,186.0,104.0,290
41,K2P,75.0,37.0,112
42,K2R,15.0,9.0,24
43,K2S,285.0,144.0,429
44,K2T,93.0,45.0,138
45,K2V,95.0,34.0,129
46,K2W,88.0,27.0,115
47,K4A,304.0,171.0,475
48,K4B,35.0,25.0,60
49,K4C,54.0,20.0,74
50,K4K,112.0,53.0,165
51,K4M,204.0,63.0,267
52,K4P,107.0,43.0,150
53,K4R,43.0,34.0,77
54,K5M,1.0,,1
55,K6A,40.0,24.0,64
56,K6H,59.0,43.0,102
57,K6J,21.0,21.0,42
58,K6K,4.0,3.0,7
59,K6T,2.0,,2
60,K6V,54.0,46.0,100
61,K7A,30.0,19.0,49
62,K7C,82.0,42.0,124
63,K7G,26.0,13.0,39
64,K7H,74.0,46.0,120
65,K7K,101.0,57.0,158
66,K7L,136.0,95.0,231
67,K7M,158.0,106.0,264
68,K7N,22.0,12.0,34
69,K7P,115.0,52.0,167
70,K7R,34.0,20.0,54
71,K7S,45.0,14.0,59
72,K7V,26.0,14.0,40
73,K8A,36.0,28.0,64
74,K8H,42.0,34.0,76
75,K8J,1.0,,1
76,K8K,,1.0,1
77,K8N,80.0,49.0,129
78,K8P,29.0,33.0,62
79,K8R,9.0,6.0,15
80,K8V,65.0,53.0,118
81,K9A,105.0,70.0,175
82,K9H,63.0,48.0,111
83,K9J,120.0,80.0,200
84,K9K,50.0,22.0,72
85,K9L,26.0,19.0,45
86,K9V,50.0,25.0,75
87,L0A,90.0,33.0,123
88,L0B,75.0,39.0,114
89,L0C,48.0,16.0,64
90,L0E,63.0,39.0,102
91,L0G,318.0,90.0,408
92,L0H,10.0,6.0,16
93,L0J,82.0,15.0,97
94,L0K,163.0,63.0,226
95,L0L,287.0,87.0,374
96,L0M,161.0,53.0,214
97,L0N,15.0,6.0,21
98,L0P,121.0,28.0,149
99,L0R,482.0,233.0,715
100,L0S,366.0,193.0,559
101,L0T,1.0,,1
102,L1A,58.0,33.0,91
103,L1B,56.0,30.0,86
104,L1C,226.0,90.0,316
105,L1E,103.0,51.0,154
106,L1G,99.0,60.0,159
107,L1H,132.0,43.0,175
108,L1J,101.0,61.0,162
109,L1K,209.0,70.0,279
110,L1L,108.0,28.0,136
111,L1M,148.0,56.0,204
112,L1N,242.0,117.0,359
113,L1P,196.0,61.0,257
114,L1R,233.0,67.0,300
115,L1S,227.0,92.0,319
116,L1T,309.0,91.0,400
117,L1V,331.0,111.0,442
118,L1W,112.0,39.0,151
119,L1X,185.0,45.0,230
120,L1Y,27.0,11.0,38
121,L1Z,241.0,93.0,334
122,L2A,51.0,27.0,78
123,L2E,42.0,25.0,67
124,L2G,96.0,52.0,148
125,L2H,127.0,57.0,184
126,L2J,51.0,22.0,73
127,L2M,54.0,43.0,97
128,L2N,119.0,63.0,182
129,L2P,45.0,20.0,65
130,L2R,114.0,124.0,238
131,L2S,71.0,43.0,114
132,L2T,35.0,20.0,55
133,L2V,77.0,21.0,98
134,L2W,10.0,4.0,14
135,L2Y,,1.0,1
136,L3A,1.0,,1
137,L3B,66.0,26.0,92
138,L3C,85.0,48.0,133
139,L3E,1.0,,1
140,L3J,31.0,30.0,61
141,L3K,44.0,24.0,68
142,L3L,7.0,,7
143,L3M,232.0,128.0,360
144,L3N,1.0,,1
145,L3P,334.0,111.0,445
146,L3R,722.0,212.0,934
147,L3S,289.0,78.0,367
148,L3T,446.0,142.0,588
149,L3V,143.0,87.0,230
150,L3X,442.0,130.0,572
151,L3Y,262.0,144.0,406
152,L3Z,317.0,77.0,394
153,L4A,594.0,165.0,759
154,L4B,675.0,161.0,836
155,L4C,682.0,188.0,870
156,L4E,692.0,188.0,880
157,L4G,738.0,232.0,970
158,L4H,804.0,175.0,979
159,L4J,642.0,196.0,838
160,L4K,361.0,79.0,440
161,L4L,394.0,100.0,494
162,L4M,198.0,77.0,275
163,L4N,480.0,153.0,633
164,L4P,155.0,58.0,213
165,L4R,47.0,23.0,70
166,L4S,440.0,129.0,569
167,L4T,99.0,40.0,139
168,L4V,34.0,13.0,47
169,L4W,290.0,91.0,381
170,L4X,64.0,16.0,80
171,L4Y,106.0,44.0,150
172,L4Z,201.0,88.0,289
173,L5A,109.0,33.0,142
174,L5B,279.0,121.0,400
175,L5C,170.0,63.0,233
176,L5E,83.0,29.0,112
177,L5G,210.0,90.0,300
178,L5H,281.0,84.0,365
179,L5J,191.0,82.0,273
180,L5K,95.0,34.0,129
181,L5L,300.0,118.0,418
182,L5M,816.0,234.0,1050
183,L5N,484.0,183.0,667
184,L5P,3.0,8.0,11
185,L5R,275.0,82.0,357
186,L5S,49.0,10.0,59
187,L5T,77.0,24.0,101
188,L5V,318.0,78.0,396
189,L5W,226.0,44.0,270
190,L5X,1.0,,1
191,L6A,847.0,172.0,1019
192,L6B,440.0,76.0,516
193,L6C,899.0,230.0,1129
194,L6E,374.0,106.0,480
195,L6G,79.0,20.0,99
196,L6H,936.0,342.0,1278
197,L6J,500.0,185.0,685
198,L6K,183.0,115.0,298
199,L6L,456.0,151.0,607
200,L6M,934.0,293.0,1227
201,L6N,1.0,,1
202,L6P,828.0,135.0,963
203,L6R,483.0,117.0,600
204,L6S,193.0,96.0,289
205,L6T,134.0,98.0,232
206,L6V,132.0,54.0,186
207,L6W,97.0,40.0,137
208,L6X,477.0,107.0,584
209,L6Y,668.0,146.0,814
210,L6Z,137.0,63.0,200
211,L7A,557.0,152.0,709
212,L7B,356.0,66.0,422
213,L7C,466.0,109.0,575
214,L7E,280.0,87.0,367
215,L7G,369.0,152.0,521
216,L7H,2.0,,2
217,L7J,93.0,43.0,136
218,L7K,92.0,24.0,116
219,L7L,425.0,207.0,632
220,L7M,473.0,190.0,663
221,L7N,131.0,56.0,187
222,L7P,245.0,108.0,353
223,L7R,144.0,97.0,241
224,L7S,69.0,44.0,113
225,L7T,142.0,76.0,218
226,L8B,208.0,90.0,298
227,L8E,236.0,107.0,343
228,L8G,92.0,39.0,131
229,L8H,48.0,31.0,79
230,L8J,167.0,63.0,230
231,L8K,65.0,51.0,116
232,L8L,60.0,31.0,91
233,L8M,31.0,33.0,64
234,L8N,39.0,22.0,61
235,L8P,81.0,76.0,157
236,L8R,24.0,15.0,39
237,L8S,51.0,35.0,86
238,L8T,38.0,31.0,69
239,L8V,29.0,31.0,60
240,L8W,84.0,40.0,124
241,L9A,77.0,37.0,114
242,L9B,105.0,67.0,172
243,L9C,154.0,94.0,248
244,L9E,242.0,33.0,275
245,L9G,241.0,122.0,363
246,L9H,268.0,159.0,427
247,L9J,26.0,5.0,31
248,L9K,191.0,58.0,249
249,L9L,79.0,26.0,105
250,L9M,45.0,28.0,73
251,L9N,259.0,62.0,321
252,L9P,120.0,66.0,186
253,L9R,131.0,39.0,170
254,L9S,226.0,68.0,294
255,L9T,872.0,251.0,1123
256,L9V,77.0,43.0,120
257,L9W,276.0,114.0,390
258,L9X,113.0,39.0,152
259,L9Y,186.0,78.0,264
260,L9Z,91.0,37.0,128
261,M1B,232.0,117.0,349
262,M1C,240.0,82.0,322
263,M1E,121.0,72.0,193
264,M1G,51.0,25.0,76
265,M1H,86.0,36.0,122
266,M1J,56.0,21.0,77
267,M1K,74.0,29.0,103
268,M1L,79.0,32.0,111
269,M1M,108.0,44.0,152
270,M1N,99.0,59.0,158
271,M1P,115.0,32.0,147
272,M1R,83.0,36.0,119
273,M1S,141.0,53.0,194
274,M1T,86.0,39.0,125
275,M1V,149.0,49.0,198
276,M1W,125.0,50.0,175
277,M1X,91.0,20.0,111
278,M2B,1.0,,1
279,M2H,120.0,44.0,164
280,M2J,313.0,112.0,425
281,M2K,176.0,60.0,236
282,M2L,191.0,61.0,252
283,M2M,183.0,63.0,246
284,M2N,517.0,214.0,731
285,M2P,134.0,28.0,162
286,M2R,106.0,62.0,168
287,M3A,323.0,47.0,370
288,M3B,257.0,66.0,323
289,M3C,151.0,38.0,189
290,M3H,207.0,73.0,280
291,M3J,111.0,37.0,148
292,M3K,45.0,12.0,57
293,M3L,39.0,6.0,45
294,M3M,28.0,13.0,41
295,M3N,38.0,11.0,49
296,M3R,,1.0,1
297,M4A,33.0,15.0,48
298,M4B,79.0,28.0,107
299,M4C,120.0,78.0,198
300,M4E,162.0,93.0,255
301,M4G,258.0,88.0,346
302,M4H,20.0,8.0,28
303,M4J,140.0,70.0,210
304,M4K,140.0,75.0,215
305,M4L,176.0,93.0,269
306,M4M,153.0,82.0,235
307,M4N,271.0,84.0,355
308,M4P,133.0,43.0,176
309,M4R,126.0,57.0,183
310,M4S,224.0,43.0,267
311,M4T,122.0,43.0,165
312,M4V,200.0,62.0,262
313,M4W,210.0,73.0,283
314,M4X,35.0,7.0,42
315,M4Y,102.0,30.0,132
316,M5A,218.0,67.0,285
317,M5B,38.0,14.0,52
318,M5C,37.0,10.0,47
319,M5E,75.0,20.0,95
320,M5G,61.0,46.0,107
321,M5H,87.0,20.0,107
322,M5J,108.0,34.0,142
323,M5K,6.0,1.0,7
324,M5L,4.0,,4
325,M5M,328.0,125.0,453
326,M5N,143.0,61.0,204
327,M5P,233.0,77.0,310
328,M5R,236.0,75.0,311
329,M5S,73.0,32.0,105
330,M5T,61.0,23.0,84
331,M5V,420.0,81.0,501
332,M5W,1.0,,1
333,M5X,4.0,2.0,6
334,M6A,59.0,24.0,83
335,M6B,125.0,46.0,171
336,M6C,177.0,60.0,237
337,M6E,87.0,28.0,115
338,M6G,140.0,67.0,207
339,M6H,116.0,54.0,170
340,M6J,162.0,52.0,214
341,M6K,154.0,48.0,202
342,M6L,33.0,16.0,49
343,M6M,54.0,31.0,85
344,M6N,65.0,44.0,109
345,M6P,136.0,88.0,224
346,M6R,107.0,73.0,180
347,M6S,263.0,134.0,397
348,M6Y,1.0,,1
349,M6Z,1.0,,1
350,M8A,1.0,,1
351,M8B,3.0,,3
352,M8V,263.0,79.0,342
353,M8W,139.0,44.0,183
354,M8X,147.0,55.0,202
355,M8Y,181.0,57.0,238
356,M8Z,276.0,121.0,397
357,M9A,277.0,117.0,394
358,M9B,230.0,76.0,306
359,M9C,146.0,69.0,215
360,M9L,54.0,16.0,70
361,M9M,50.0,11.0,61
362,M9N,66.0,29.0,95
363,M9P,68.0,21.0,89
364,M9R,64.0,27.0,91
365,M9V,120.0,40.0,160
366,M9W,813.0,52.0,865
367,N0A,98.0,58.0,156
368,N0B,653.0,294.0,947
369,N0C,66.0,27.0,93
370,N0E,91.0,56.0,147
371,N0G,189.0,106.0,295
372,N0H,247.0,130.0,377
373,N0J,90.0,60.0,150
374,N0K,34.0,31.0,65
375,N0L,195.0,106.0,301
376,N0M,207.0,109.0,316
377,N0N,77.0,61.0,138
378,N0P,93.0,61.0,154
379,N0R,180.0,154.0,334
380,N1A,29.0,11.0,40
381,N1C,18.0,22.0,40
382,N1E,198.0,107.0,305
383,N1G,182.0,86.0,268
384,N1H,189.0,97.0,286
385,N1K,52.0,20.0,72
386,N1L,169.0,66.0,235
387,N1M,69.0,46.0,115
388,N1P,32.0,16.0,48
389,N1R,135.0,62.0,197
390,N1S,105.0,44.0,149
391,N1T,107.0,37.0,144
392,N2A,169.0,69.0,238
393,N2B,76.0,32.0,108
394,N2C,59.0,20.0,79
395,N2E,118.0,51.0,169
396,N2G,78.0,29.0,107
397,N2H,124.0,60.0,184
398,N2J,125.0,44.0,169
399,N2K,255.0,100.0,355
400,N2L,208.0,84.0,292
401,N2M,127.0,59.0,186
402,N2N,88.0,65.0,153
403,N2P,214.0,75.0,289
404,N2R,148.0,42.0,190
405,N2S,1.0,,1
406,N2T,165.0,75.0,240
407,N2V,152.0,76.0,228
408,N2Y,1.0,,1
409,N2Z,59.0,34.0,93
410,N3A,126.0,70.0,196
411,N3B,54.0,25.0,79
412,N3C,169.0,80.0,249
413,N3E,30.0,7.0,37
414,N3G,1.0,,1
415,N3H,98.0,36.0,134
416,N3K,1.0,,1
417,N3L,88.0,58.0,146
418,N3M,1.0,,1
419,N3P,16.0,17.0,33
420,N3R,93.0,56.0,149
421,N3S,66.0,33.0,99
422,N3T,177.0,91.0,268
423,N3V,10.0,3.0,13
424,N3W,80.0,26.0,106
425,N3Y,53.0,29.0,82
426,N4B,13.0,7.0,20
427,N4G,62.0,39.0,101
428,N4K,93.0,67.0,160
429,N4L,22.0,18.0,40
430,N4N,29.0,12.0,41
431,N4S,95.0,53.0,148
432,N4T,63.0,32.0,95
433,N4V,14.0,5.0,19
434,N4W,37.0,18.0,55
435,N4X,32.0,29.0,61
436,N4Z,8.0,9.0,17
437,N5A,107.0,71.0,178
438,N5C,52.0,18.0,70
439,N5H,24.0,16.0,40
440,N5L,15.0,9.0,24
441,N5N,1.0,,1
442,N5P,48.0,34.0,82
443,N5R,64.0,53.0,117
444,N5V,47.0,34.0,81
445,N5W,40.0,26.0,66
446,N5X,156.0,83.0,239
447,N5Y,33.0,31.0,64
448,N5Z,30.0,37.0,67
449,N6A,58.0,34.0,92
450,N6B,21.0,24.0,45
451,N6C,89.0,69.0,158
452,N6E,22.0,56.0,78
453,N6G,206.0,143.0,349
454,N6H,135.0,74.0,209
455,N6J,47.0,33.0,80
456,N6K,172.0,127.0,299
457,N6L,27.0,15.0,42
458,N6M,32.0,12.0,44
459,N6N,7.0,,7
460,N6P,73.0,45.0,118
461,N7A,41.0,32.0,73
462,N7G,50.0,29.0,79
463,N7L,42.0,24.0,66
464,N7M,55.0,31.0,86
465,N7S,46.0,37.0,83
466,N7T,29.0,20.0,49
467,N7V,22.0,10.0,32
468,N7W,8.0,6.0,14
469,N7X,13.0,5.0,18
470,N8A,15.0,10.0,25
471,N8H,38.0,39.0,77
472,N8M,25.0,26.0,51
473,N8N,102.0,58.0,160
474,N8P,44.0,38.0,82
475,N8R,16.0,21.0,37
476,N8S,31.0,33.0,64
477,N8T,14.0,16.0,30
478,N8W,41.0,34.0,75
479,N8X,32.0,18.0,50
480,N8Y,29.0,19.0,48
481,N9A,20.0,35.0,55
482,N9B,25.0,16.0,41
483,N9C,9.0,14.0,23
484,N9E,49.0,38.0,87
485,N9G,53.0,36.0,89
486,N9H,61.0,46.0,107
487,N9J,85.0,54.0,139
488,N9K,17.0,8.0,25
489,N9T,1.0,,1
490,N9V,58.0,45.0,103
491,N9Y,58.0,34.0,92
492,P0A,37.0,18.0,55
493,P0B,47.0,18.0,65
494,P0C,30.0,12.0,42
495,P0E,11.0,10.0,21
496,P0G,4.0,7.0,11
497,P0H,54.0,48.0,102
498,P0J,23.0,18.0,41
499,P0K,5.0,5.0,10
500,P0L,13.0,19.0,32
501,P0M,60.0,74.0,134
502,P0N,3.0,5.0,8
503,P0P,18.0,21.0,39
504,P0R,10.0,6.0,16
505,P0S,14.0,3.0,17
506,P0T,25.0,30.0,55
507,P0V,5.0,7.0,12
508,P0W,3.0,1.0,4
509,P0X,11.0,8.0,19
510,P1A,17.0,14.0,31
511,P1B,47.0,49.0,96
512,P1C,18.0,9.0,27
513,P1H,63.0,29.0,92
514,P1L,58.0,35.0,93
515,P1P,32.0,16.0,48
516,P2A,46.0,13.0,59
517,P2B,12.0,12.0,24
518,P2N,1.0,3.0,4
519,P3A,41.0,31.0,72
520,P3B,28.0,23.0,51
521,P3C,15.0,19.0,34
522,P3E,105.0,68.0,173
523,P3G,28.0,22.0,50
524,P3L,5.0,8.0,13
525,P3N,8.0,11.0,19
526,P3P,41.0,42.0,83
527,P3S,1.0,,1
528,P3Y,14.0,11.0,25
529,P4N,13.0,18.0,31
530,P4P,2.0,2.0,4
531,P4R,6.0,8.0,14
532,P5A,2.0,4.0,6
533,P5E,3.0,5.0,8
534,P5N,9.0,11.0,20
535,P6A,34.0,33.0,67
536,P6B,27.0,11.0,38
537,P6C,9.0,4.0,13
538,P7A,27.0,37.0,64
539,P7B,32.0,31.0,63
540,P7C,19.0,15.0,34
541,P7E,10.0,21.0,31
542,P7G,27.0,24.0,51
543,P7J,9.0,6.0,15
544,P7K,7.0,6.0,13
545,P7L,3.0,2.0,5
546,P8N,7.0,8.0,15
547,P8T,4.0,6.0,10
548,P9A,4.0,6.0,10
549,P9N,18.0,8.0,26
